{"cameraMode":{"drawMode":0,"name":"Shaded","section":"Shading Mode"},"sceneLighting":true,"audioPlay":false,"sceneViewState":{"m_AlwaysRefresh":false,"showFog":true,"showSkybox":true,"showFlares":true,"showImageEffects":true,"showParticleSystems":true,"showVisualEffectGraphs":true,"m_FxEnabled":true},"in2DMode":false,"pivot":{"x":-1.0727909803390504,"y":-3.6223814487457277,"z":14.377215385437012},"rotation":{"x":0.14706222712993623,"y":0.34791237115859988,"z":-0.0554317831993103,"w":0.9243130683898926},"size":16.62421226501465,"orthographic":false}