{"cameraMode":{"drawMode":0,"name":"Shaded","section":"Shading Mode"},"sceneLighting":true,"audioPlay":false,"sceneViewState":{"m_AlwaysRefresh":false,"showFog":true,"showSkybox":true,"showFlares":true,"showImageEffects":true,"showParticleSystems":true,"showVisualEffectGraphs":true,"m_FxEnabled":true},"in2DMode":false,"pivot":{"x":-12.895462036132813,"y":-0.9748919010162354,"z":15.469776153564454},"rotation":{"x":-0.12294910848140717,"y":0.04535367712378502,"z":-0.004831221420317888,"w":-0.9917311668395996},"size":6.388443470001221,"orthographic":false}