{"cameraMode":{"drawMode":0,"name":"Shaded","section":"Shading Mode"},"sceneLighting":true,"audioPlay":false,"sceneViewState":{"m_AlwaysRefresh":false,"showFog":true,"showSkybox":true,"showFlares":true,"showImageEffects":true,"showParticleSystems":true,"showVisualEffectGraphs":true,"m_FxEnabled":true},"in2DMode":false,"pivot":{"x":-8.971397399902344,"y":0.7538809776306152,"z":-11.778509140014649},"rotation":{"x":0.06029219180345535,"y":0.01522482093423605,"z":0.0000035381590350880289,"w":0.9982523918151856},"size":2.9278130531311037,"orthographic":false}