{"cameraMode":{"drawMode":0,"name":"Shaded","section":"Shading Mode"},"sceneLighting":true,"audioPlay":false,"sceneViewState":{"m_AlwaysRefresh":false,"showFog":true,"showSkybox":true,"showFlares":true,"showImageEffects":true,"showParticleSystems":true,"showVisualEffectGraphs":true,"m_FxEnabled":true},"in2DMode":false,"pivot":{"x":-2.6034069061279299,"y":-10.156994819641114,"z":30.837718963623048},"rotation":{"x":0.16383637487888337,"y":0.20457994937896729,"z":-0.034969739615917209,"w":0.9644711017608643},"size":21.643789291381837,"orthographic":false}