{"cameraMode":{"drawMode":0,"name":"Shaded","section":"Shading Mode"},"sceneLighting":true,"audioPlay":false,"sceneViewState":{"m_AlwaysRefresh":false,"showFog":true,"showSkybox":true,"showFlares":true,"showImageEffects":true,"showParticleSystems":true,"showVisualEffectGraphs":true,"m_FxEnabled":true},"in2DMode":false,"pivot":{"x":-13.266538619995118,"y":-3.1485726833343508,"z":18.19746208190918},"rotation":{"x":-0.07509186863899231,"y":0.0625331774353981,"z":-0.004783417098224163,"w":-0.9952898621559143},"size":19.14043617248535,"orthographic":false}