{"cameraMode":{"drawMode":0,"name":"Shaded","section":"Shading Mode"},"sceneLighting":false,"audioPlay":false,"sceneViewState":{"m_AlwaysRefresh":false,"showFog":true,"showSkybox":false,"showFlares":true,"showImageEffects":true,"showParticleSystems":true,"showVisualEffectGraphs":true,"m_FxEnabled":true},"in2DMode":false,"pivot":{"x":-11.016374588012696,"y":1.136493444442749,"z":3.8307371139526369},"rotation":{"x":0.18850435316562653,"y":0.5488153100013733,"z":-0.12796486914157868,"w":0.8045248985290527},"size":3.6429035663604738,"orthographic":false}