{"cameraMode":{"drawMode":0,"name":"Shaded","section":"Shading Mode"},"sceneLighting":true,"audioPlay":false,"sceneViewState":{"m_AlwaysRefresh":false,"showFog":true,"showSkybox":true,"showFlares":true,"showImageEffects":true,"showParticleSystems":true,"showVisualEffectGraphs":true,"m_FxEnabled":true},"in2DMode":false,"pivot":{"x":-16.201080322265626,"y":-8.518089294433594,"z":18.85858726501465},"rotation":{"x":0.2672392725944519,"y":0.09232894331216812,"z":-0.025732433423399926,"w":0.9588532447814941},"size":20.811798095703126,"orthographic":false}