{"cameraMode":{"drawMode":0,"name":"Shaded","section":"Shading Mode"},"sceneLighting":false,"audioPlay":false,"sceneViewState":{"m_AlwaysRefresh":false,"showFog":true,"showSkybox":false,"showFlares":true,"showImageEffects":true,"showParticleSystems":true,"showVisualEffectGraphs":true,"m_FxEnabled":true},"in2DMode":false,"pivot":{"x":-14.556200981140137,"y":1.6816370487213135,"z":-1.9024746417999268},"rotation":{"x":0.06234562024474144,"y":0.9163748621940613,"z":-0.15551701188087464,"w":0.3640739321708679},"size":2.1239418983459474,"orthographic":false}